<?xml version="1.0" encoding="UTF-8" ?>
<!DOCTYPE mapper PUBLIC "-//mybatis.org//DTD Mapper 3.0//EN" "http://mybatis.org/dtd/mybatis-3-mapper.dtd" >
<mapper namespace="com.example.demo.dao.ProjectDAO">


	<select id="getMember" parameterType="java.util.Map" resultType="MemberVO">
		SELECT *
		FROM member
		WHERE member_id = #{member_id} and member_pwd = #{member_pwd} and member_grade = #{member_grade}
	</select>

	<insert id="postregister" parameterType="java.util.Map">
		insert into member (
			member_id, member_pwd, member_name, member_email, member_phone, member_grade, member_dept
			) 
			values (
				#{member_id}, #{member_pwd}, #{member_name}, #{member_email}, #{member_phone}, #{member_grade}, #{member_dept}
				)
	</insert>
	
	<select id="checkMember_id" parameterType="string" resultType="int">
		select count(*)
		from member
		where member_id = #{member_id}	
	</select>





	<select id="orderformList" resultType="OrderformVO">
		select * from orderform
	</select>
	
	<insert id="addCompany" parameterType="CompanyVO">
	    INSERT INTO company (company_name, company_busnum, company_ceo, company_phone, company_email, company_address)
	    VALUES (#{company_name}, #{company_busnum}, #{company_ceo}, #{company_phone}, #{company_email}, #{company_address});
	</insert>
	
	<insert id="addProduct" parameterType="ProductVO">
	    INSERT INTO product (product_name, product_code, product_brand, product_category, product_price)
	    VALUES (#{product_name}, #{product_code}, #{product_brand}, #{product_category}, #{product_price});
	</insert>
	
	<select id="findMaxProductNum" resultType="int">
		select max(product_num) from product
	</select>
	
	<insert id="fileUpload" parameterType="FileVO">
		INSERT INTO file (file_name, file_path, file_subject, file_pk)
	    VALUES (#{file_name}, #{file_path}, #{file_subject}, #{file_pk});
	</insert>
	
	<select id="productCodeCheck" parameterType="String" resultType="java.lang.Integer">
		select count(*) from product where product_code = #{product_code}
	</select>
	
	<select id="companyNameCheck" parameterType="String" resultType="String">
		select company_name from company where company_name like #{company_name} order by company_name asc limit 1;
	</select>
	
	
	
	<select id="orderList" resultType="OrderformVO">
	    SELECT 
	        orderform.*,
	        SUM(orderformdetail.orderdetail_price) AS total_price
	    FROM 
	        orderform
	    JOIN 
	        orderformdetail
	    ON 
	        orderform.orderform_num = orderformdetail.orderform_num
	    GROUP BY 
	        orderform.orderform_num;
	</select> 
	<!-- 물품 판매 리스트 -->
	<select id="quotationList" resultType="QuotationVO">
	   SELECT 
	        quotation.*,
	        SUM(quotationdetail.quotdetail_price) AS total_price
	    FROM 
	        quotation
	    JOIN 
	        quotationdetail
	    ON 
	        quotation.quot_num = quotationdetail.quot_num
	    GROUP BY 
	        quotation.quot_num;
	</select>	
	
	<select id="allFormList" resultType="QuotationVO">
		SELECT 
	           *,
	            concat('quot', quot_num) as this_num
	            
	       FROM 
	           quotation
	       GROUP BY 
	           quotation.quot_num
	      union ALL
	        SELECT
	         *,
	           concat('order', orderform_num) as this_num
	       FROM 
	           orderform
	       GROUP BY 
	           orderform.orderform_num;
	</select>
	
	<select id="getProductionPlanList" resultType="ProductionPlanVO">
	select * from productionplan;
	</select>
	
	<select id="getCompanyList" resultType="CompanyVO">
		select *
		from company
	</select>
		
	<select id="getProductList" resultType="ProductVO">
		select *
		from product
	</select>
		
	<select id="getCompanyByCompanyName" resultType="CompanyVO">
		select *
		from company
		where company_name = #{company_name}
	</select>
		
	<insert id="insertOrderform" parameterType="OrderformVO">
		insert into orderform (
			orderform_name, orderform_stat, company_num, company_num2, orderform_content, orderform_regdate, orderform_startDate, orderform_endDate
			) 
			values (
				#{orderform_name}, #{orderform_stat}, #{company_num}, #{company_num2}, #{orderform_content}, now(), #{orderform_startDate}, #{orderform_endDate}
				)
	</insert>
	
	<select id="getLastOrderformNum" resultType="int">
		select *
		from orderform
		order by orderform_num desc
		limit 1;
	</select>
		
	<select id="getProductByProductName" resultType="ProductVO">
		select *
		from product
		where product_name = #{product_name}
	</select>	
		
		
	<insert id="insertOrderformDetail" parameterType="OrderformDetailVO">
		insert into orderformdetail (
			orderform_num, product_num, orderdetail_amount, orderdetail_price
		)
		values (
			#{orderform_num}, #{product_num}, #{orderdetail_amount}, #{orderdetail_price}			
		)
	</insert>

	<insert id="insertQuotation" parameterType="QuotationVO">
		insert into quotation (
			quot_name, quot_stat, company_num, company_num2, quot_content, quot_regdate, quot_startdate, quot_enddate
		)
		values (
			#{quot_name}, #{quot_stat}, #{company_num}, #{company_num2}, #{quot_content}, now(), #{quot_startdate}, #{quot_enddate}
		)
	</insert>
	
	<select id="getLastQuotationNum" resultType="int">
		select *
		from quotation
		order by quot_num desc
		limit 1;
	</select>
	
	<insert id="insertQuotationDetail" parameterType="QuotationDetailVO">
		insert into quotationdetail (
			quot_num, product_num, quotdetail_amount, quotdetail_price
		) values (
			#{quot_num}, #{product_num}, #{quotdetail_amount}, #{quotdetail_price}
		)
	</insert>



<!-- 나현 -->
<!-- 품질 관리 리스트 전체 select -->
<select id="getQcList" resultType="QcVO">
	select *
	from qc
	order by qc_num desc
</select>

<!-- QC 1건 정보 -->

	<select id="getOneQc" parameterType="java.lang.Integer" resultType="QcVO">
	
	SELECT qc.*, product_name
	FROM qc
    LEFT JOIN product p ON p.product_num = qc.qc_item_num
	WHERE qc.qc_num = #{qc_num};
	</select>

<!-- QC 1건 질문-응답 정보 (질문 번호, 질문 내용, 부적격 수량) -->

<select id="getOneQcDetail" parameterType="java.lang.Integer" resultType="QcVO">

	SELECT qq.qcq_num, qq.QCQUEST, qd.qc_fail_quan
	FROM qc q
	LEFT JOIN qc_quest qq ON q.qc_type = qq.qc_type
	LEFT JOIN qc_detail qd ON qq.qcq_num = qd.qcq_num
	WHERE q.qc_num = #{qc_num};

</select>
	

	
	<insert id="insertProduction" parameterType="ProductionPlanVO">
	insert into productionplan (pd_writedate,pd_writer,pd_dept,pd_startdate,pd_enddate,pd_name,pd_content)
	values (now(),#{pd_writer},#{pd_dept},#{pd_startdate},#{pd_enddate},#{pd_name},#{pd_content})
	</insert>
	
	<select id="getfindLastProductionNumber" resultType="int">
	select pd_num from productionplan order by pd_num desc limit 1;
	</select>
	
	
	
	<insert id="insertPlandetail" parameterType="PlandetailVO">
		insert into plandetail (pd_num,plandetail_name,plandetail_amount)
		values
	 <foreach collection="list" item="planVO" separator=",">
	 (#{planVO.pd_num},#{planVO.plandetail_name},#{planVO.plandetail_amount})
	 </foreach>
	</insert> 




	<!-- ========================================================================== -->

	<select id="companyNameValidation" parameterType="String" resultType="java.lang.Integer">
		select count(*) from company where company_name = #{company_name}
	</select>
	
	<select id="companyCodeValidation" parameterType="String" resultType="java.lang.Integer">
		select count(*) from company where company_busnum = #{company_code}
	</select>
	
	<select id="productList" resultType="ProductVO">
		select *, 0 as file_amount, 'file_name' as file_name, 'file_path' as file_path from product
	</select>
	
	<select id="fileAmount" parameterType="java.lang.Integer" resultType="java.lang.Integer">
		select count(*) from file where file_pk = #{product_num}
	</select>	
	
	<select id="findFirstImage" parameterType="java.lang.Integer" resultType="FileVO">
		select * from file where file_pk = #{product_num} order by file_num desc limit 1
	</select>
	
	<select id="getProductDetail" parameterType="java.lang.Integer" resultType="ProductVO"> 
		select * from product where product_num = #{product_num} 
	</select>

	<select id="getProductImages" parameterType="java.lang.Integer" resultType="FileVO"> 
		select * from file where file_pk = #{product_num} order by file_num desc
	</select>

<!-- @@@@@@@@@@@@@@@@@@@@@@@@@@@@@@@@@@new 작업공간@@@@@@@@@@@@@@@@@@@@@@@@@@@@@@@@@@@@@@@@@@@@ -->

	<select id="getQuotationByQuotnum" parameterType="int">
		select *
		from quotation
		where quot_num = #{quot_num}
	</select>
	
	<select id="getCompanyByCompanynum" parameterType="int">
		select *
		from company
		where company_num = #{company_num}
	</select>
	
	<select id="getQuotationDetailListByQuotnum" parameterType="int">
		select *
		from quotationdetail
		where quot_num = #{quot_num}
	</select>
	
	<select id="getOrderformByOrderformnum" parameterType="int">
		select *
		from orderform
		where orderform_num = #{orderform_num}
	</select>
	
	<select id="getOrderformDetailListByOrderformnum" parameterType="int">
		select *
		from orderformdetail
		where orderform_num = #{orderform_num}

	</select>


</mapper>